<?xml version="1.0" encoding="UTF-8" ?>
<!-- This is a WordPress eXtended RSS file generated by WordPress as an export of your site. -->
<!-- It contains information about your site's posts, pages, comments, categories, and other content. -->
<!-- You may use this file to transfer that content from one site to another. -->
<!-- This file is not intended to serve as a complete backup of your site. -->

<!-- To import this information into a WordPress site follow these steps: -->
<!-- 1. Log in to that site as an administrator. -->
<!-- 2. Go to Tools: Import in the WordPress admin panel. -->
<!-- 3. Install the "WordPress" importer from the list. -->
<!-- 4. Activate & Run Importer. -->
<!-- 5. Upload this file using the form provided on that page. -->
<!-- 6. You will first be asked to map the authors in this export file to users -->
<!--    on the site. For each author, you may choose to map to an -->
<!--    existing user on the site or to create a new user. -->
<!-- 7. WordPress will then import each of the posts, pages, comments, categories, etc. -->
<!--    contained in this file into your site. -->

	<!-- generator="WordPress/6.9" created="2025-12-15 17:12" -->
<rss version="2.0"
	xmlns:excerpt="http://wordpress.org/export/1.2/excerpt/"
	xmlns:content="http://purl.org/rss/1.0/modules/content/"
	xmlns:wfw="http://wellformedweb.org/CommentAPI/"
	xmlns:dc="http://purl.org/dc/elements/1.1/"
	xmlns:wp="http://wordpress.org/export/1.2/"
>

<channel>
	<title>My WordPress Website</title>
	<link>https://playground.wordpress.net/scope:energetic-old-ocean</link>
	<description></description>
	<pubDate>Mon, 15 Dec 2025 17:12:47 +0000</pubDate>
	<language>en-US</language>
	<wp:wxr_version>1.2</wp:wxr_version>
	<wp:base_site_url>https://playground.wordpress.net/scope:energetic-old-ocean</wp:base_site_url>
	<wp:base_blog_url>https://playground.wordpress.net/scope:energetic-old-ocean</wp:base_blog_url>

		<wp:author><wp:author_id>1</wp:author_id><wp:author_login><![CDATA[admin]]></wp:author_login><wp:author_email><![CDATA[admin@localhost.com]]></wp:author_email><wp:author_display_name><![CDATA[admin]]></wp:author_display_name><wp:author_first_name><![CDATA[]]></wp:author_first_name><wp:author_last_name><![CDATA[]]></wp:author_last_name></wp:author>

		<wp:category>
		<wp:term_id>1</wp:term_id>
		<wp:category_nicename><![CDATA[uncategorized]]></wp:category_nicename>
		<wp:category_parent><![CDATA[]]></wp:category_parent>
		<wp:cat_name><![CDATA[Uncategorized]]></wp:cat_name>
	</wp:category>
				<wp:term>
		<wp:term_id>5</wp:term_id>
		<wp:term_taxonomy><![CDATA[city]]></wp:term_taxonomy>
		<wp:term_slug><![CDATA[katowice]]></wp:term_slug>
		<wp:term_parent><![CDATA[]]></wp:term_parent>
		<wp:term_name><![CDATA[Katowice]]></wp:term_name>
	</wp:term>
		<wp:term>
		<wp:term_id>4</wp:term_id>
		<wp:term_taxonomy><![CDATA[city]]></wp:term_taxonomy>
		<wp:term_slug><![CDATA[meksyk]]></wp:term_slug>
		<wp:term_parent><![CDATA[]]></wp:term_parent>
		<wp:term_name><![CDATA[Meksyk]]></wp:term_name>
	</wp:term>
		<wp:term>
		<wp:term_id>3</wp:term_id>
		<wp:term_taxonomy><![CDATA[city]]></wp:term_taxonomy>
		<wp:term_slug><![CDATA[szczyrk]]></wp:term_slug>
		<wp:term_parent><![CDATA[]]></wp:term_parent>
		<wp:term_name><![CDATA[Szczyrk]]></wp:term_name>
	</wp:term>
		
	<generator>https://wordpress.org/?v=6.9</generator>

		<item>
		<title><![CDATA[Hello world!]]></title>
		<link>https://playground.wordpress.net/scope:energetic-old-ocean/2025/12/02/hello-world/</link>
		<pubDate>Tue, 02 Dec 2025 19:08:23 +0000</pubDate>
		<dc:creator><![CDATA[admin]]></dc:creator>
		<guid isPermaLink="false">http://127.0.0.1:9400/?p=1</guid>
		<description></description>
		<content:encoded><![CDATA[<!-- wp:paragraph -->
<p>Welcome to WordPress. This is your first post. Edit or delete it, then start writing!</p>
<!-- /wp:paragraph -->]]></content:encoded>
		<excerpt:encoded><![CDATA[]]></excerpt:encoded>
		<wp:post_id>1</wp:post_id>
		<wp:post_date><![CDATA[2025-12-02 19:08:23]]></wp:post_date>
		<wp:post_date_gmt><![CDATA[2025-12-02 19:08:23]]></wp:post_date_gmt>
		<wp:post_modified><![CDATA[2025-12-02 19:08:23]]></wp:post_modified>
		<wp:post_modified_gmt><![CDATA[2025-12-02 19:08:23]]></wp:post_modified_gmt>
		<wp:comment_status><![CDATA[open]]></wp:comment_status>
		<wp:ping_status><![CDATA[open]]></wp:ping_status>
		<wp:post_name><![CDATA[hello-world]]></wp:post_name>
		<wp:status><![CDATA[publish]]></wp:status>
		<wp:post_parent>0</wp:post_parent>
		<wp:menu_order>0</wp:menu_order>
		<wp:post_type><![CDATA[post]]></wp:post_type>
		<wp:post_password><![CDATA[]]></wp:post_password>
		<wp:is_sticky>0</wp:is_sticky>
										<category domain="category" nicename="uncategorized"><![CDATA[Uncategorized]]></category>
						<wp:comment>
			<wp:comment_id>1</wp:comment_id>
			<wp:comment_author><![CDATA[A WordPress Commenter]]></wp:comment_author>
			<wp:comment_author_email><![CDATA[wapuu@wordpress.example]]></wp:comment_author_email>
			<wp:comment_author_url>https://wordpress.org/</wp:comment_author_url>
			<wp:comment_author_IP><![CDATA[]]></wp:comment_author_IP>
			<wp:comment_date><![CDATA[2025-12-02 19:08:23]]></wp:comment_date>
			<wp:comment_date_gmt><![CDATA[2025-12-02 19:08:23]]></wp:comment_date_gmt>
			<wp:comment_content><![CDATA[Hi, this is a comment.
To get started with moderating, editing, and deleting comments, please visit the Comments screen in the dashboard.
Commenter avatars come from <a href="https://gravatar.com/">Gravatar</a>.]]></wp:comment_content>
			<wp:comment_approved><![CDATA[1]]></wp:comment_approved>
			<wp:comment_type><![CDATA[comment]]></wp:comment_type>
			<wp:comment_parent>0</wp:comment_parent>
			<wp:comment_user_id>0</wp:comment_user_id>
							</wp:comment>
					</item>
					<item>
		<title><![CDATA[Sample Page]]></title>
		<link>https://playground.wordpress.net/scope:energetic-old-ocean/sample-page/</link>
		<pubDate>Tue, 02 Dec 2025 19:08:23 +0000</pubDate>
		<dc:creator><![CDATA[admin]]></dc:creator>
		<guid isPermaLink="false">http://127.0.0.1:9400/?page_id=2</guid>
		<description></description>
		<content:encoded><![CDATA[<!-- wp:paragraph -->
<p>This is an example page. It's different from a blog post because it will stay in one place and will show up in your site navigation (in most themes). Most people start with an About page that introduces them to potential site visitors. It might say something like this:</p>
<!-- /wp:paragraph -->

<!-- wp:quote -->
<blockquote class="wp-block-quote">
<!-- wp:paragraph -->
<p>Hi there! I'm a bike messenger by day, aspiring actor by night, and this is my website. I live in Los Angeles, have a great dog named Jack, and I like pi&#241;a coladas. (And gettin' caught in the rain.)</p>
<!-- /wp:paragraph -->
</blockquote>
<!-- /wp:quote -->

<!-- wp:paragraph -->
<p>...or something like this:</p>
<!-- /wp:paragraph -->

<!-- wp:quote -->
<blockquote class="wp-block-quote">
<!-- wp:paragraph -->
<p>The XYZ Doohickey Company was founded in 1971, and has been providing quality doohickeys to the public ever since. Located in Gotham City, XYZ employs over 2,000 people and does all kinds of awesome things for the Gotham community.</p>
<!-- /wp:paragraph -->
</blockquote>
<!-- /wp:quote -->

<!-- wp:paragraph -->
<p>As a new WordPress user, you should go to <a href="http://127.0.0.1:9400/wp-admin/">your dashboard</a> to delete this page and create new pages for your content. Have fun!</p>
<!-- /wp:paragraph -->]]></content:encoded>
		<excerpt:encoded><![CDATA[]]></excerpt:encoded>
		<wp:post_id>2</wp:post_id>
		<wp:post_date><![CDATA[2025-12-02 19:08:23]]></wp:post_date>
		<wp:post_date_gmt><![CDATA[2025-12-02 19:08:23]]></wp:post_date_gmt>
		<wp:post_modified><![CDATA[2025-12-02 19:08:23]]></wp:post_modified>
		<wp:post_modified_gmt><![CDATA[2025-12-02 19:08:23]]></wp:post_modified_gmt>
		<wp:comment_status><![CDATA[closed]]></wp:comment_status>
		<wp:ping_status><![CDATA[open]]></wp:ping_status>
		<wp:post_name><![CDATA[sample-page]]></wp:post_name>
		<wp:status><![CDATA[publish]]></wp:status>
		<wp:post_parent>0</wp:post_parent>
		<wp:menu_order>0</wp:menu_order>
		<wp:post_type><![CDATA[page]]></wp:post_type>
		<wp:post_password><![CDATA[]]></wp:post_password>
		<wp:is_sticky>0</wp:is_sticky>
														<wp:postmeta>
		<wp:meta_key><![CDATA[_wp_page_template]]></wp:meta_key>
		<wp:meta_value><![CDATA[default]]></wp:meta_value>
		</wp:postmeta>
							</item>
					<item>
		<title><![CDATA[Privacy Policy]]></title>
		<link>https://playground.wordpress.net/scope:energetic-old-ocean/?page_id=3</link>
		<pubDate>Tue, 02 Dec 2025 19:08:23 +0000</pubDate>
		<dc:creator><![CDATA[admin]]></dc:creator>
		<guid isPermaLink="false">http://127.0.0.1:9400/?page_id=3</guid>
		<description></description>
		<content:encoded><![CDATA[<!-- wp:heading -->
<h2 class="wp-block-heading">Who we are</h2>
<!-- /wp:heading -->
<!-- wp:paragraph -->
<p><strong class="privacy-policy-tutorial">Suggested text: </strong>Our website address is: http://127.0.0.1:9400.</p>
<!-- /wp:paragraph -->
<!-- wp:heading -->
<h2 class="wp-block-heading">Comments</h2>
<!-- /wp:heading -->
<!-- wp:paragraph -->
<p><strong class="privacy-policy-tutorial">Suggested text: </strong>When visitors leave comments on the site we collect the data shown in the comments form, and also the visitor&#8217;s IP address and browser user agent string to help spam detection.</p>
<!-- /wp:paragraph -->
<!-- wp:paragraph -->
<p>An anonymized string created from your email address (also called a hash) may be provided to the Gravatar service to see if you are using it. The Gravatar service privacy policy is available here: https://automattic.com/privacy/. After approval of your comment, your profile picture is visible to the public in the context of your comment.</p>
<!-- /wp:paragraph -->
<!-- wp:heading -->
<h2 class="wp-block-heading">Media</h2>
<!-- /wp:heading -->
<!-- wp:paragraph -->
<p><strong class="privacy-policy-tutorial">Suggested text: </strong>If you upload images to the website, you should avoid uploading images with embedded location data (EXIF GPS) included. Visitors to the website can download and extract any location data from images on the website.</p>
<!-- /wp:paragraph -->
<!-- wp:heading -->
<h2 class="wp-block-heading">Cookies</h2>
<!-- /wp:heading -->
<!-- wp:paragraph -->
<p><strong class="privacy-policy-tutorial">Suggested text: </strong>If you leave a comment on our site you may opt-in to saving your name, email address and website in cookies. These are for your convenience so that you do not have to fill in your details again when you leave another comment. These cookies will last for one year.</p>
<!-- /wp:paragraph -->
<!-- wp:paragraph -->
<p>If you visit our login page, we will set a temporary cookie to determine if your browser accepts cookies. This cookie contains no personal data and is discarded when you close your browser.</p>
<!-- /wp:paragraph -->
<!-- wp:paragraph -->
<p>When you log in, we will also set up several cookies to save your login information and your screen display choices. Login cookies last for two days, and screen options cookies last for a year. If you select &quot;Remember Me&quot;, your login will persist for two weeks. If you log out of your account, the login cookies will be removed.</p>
<!-- /wp:paragraph -->
<!-- wp:paragraph -->
<p>If you edit or publish an article, an additional cookie will be saved in your browser. This cookie includes no personal data and simply indicates the post ID of the article you just edited. It expires after 1 day.</p>
<!-- /wp:paragraph -->
<!-- wp:heading -->
<h2 class="wp-block-heading">Embedded content from other websites</h2>
<!-- /wp:heading -->
<!-- wp:paragraph -->
<p><strong class="privacy-policy-tutorial">Suggested text: </strong>Articles on this site may include embedded content (e.g. videos, images, articles, etc.). Embedded content from other websites behaves in the exact same way as if the visitor has visited the other website.</p>
<!-- /wp:paragraph -->
<!-- wp:paragraph -->
<p>These websites may collect data about you, use cookies, embed additional third-party tracking, and monitor your interaction with that embedded content, including tracking your interaction with the embedded content if you have an account and are logged in to that website.</p>
<!-- /wp:paragraph -->
<!-- wp:heading -->
<h2 class="wp-block-heading">Who we share your data with</h2>
<!-- /wp:heading -->
<!-- wp:paragraph -->
<p><strong class="privacy-policy-tutorial">Suggested text: </strong>If you request a password reset, your IP address will be included in the reset email.</p>
<!-- /wp:paragraph -->
<!-- wp:heading -->
<h2 class="wp-block-heading">How long we retain your data</h2>
<!-- /wp:heading -->
<!-- wp:paragraph -->
<p><strong class="privacy-policy-tutorial">Suggested text: </strong>If you leave a comment, the comment and its metadata are retained indefinitely. This is so we can recognize and approve any follow-up comments automatically instead of holding them in a moderation queue.</p>
<!-- /wp:paragraph -->
<!-- wp:paragraph -->
<p>For users that register on our website (if any), we also store the personal information they provide in their user profile. All users can see, edit, or delete their personal information at any time (except they cannot change their username). Website administrators can also see and edit that information.</p>
<!-- /wp:paragraph -->
<!-- wp:heading -->
<h2 class="wp-block-heading">What rights you have over your data</h2>
<!-- /wp:heading -->
<!-- wp:paragraph -->
<p><strong class="privacy-policy-tutorial">Suggested text: </strong>If you have an account on this site, or have left comments, you can request to receive an exported file of the personal data we hold about you, including any data you have provided to us. You can also request that we erase any personal data we hold about you. This does not include any data we are obliged to keep for administrative, legal, or security purposes.</p>
<!-- /wp:paragraph -->
<!-- wp:heading -->
<h2 class="wp-block-heading">Where your data is sent</h2>
<!-- /wp:heading -->
<!-- wp:paragraph -->
<p><strong class="privacy-policy-tutorial">Suggested text: </strong>Visitor comments may be checked through an automated spam detection service.</p>
<!-- /wp:paragraph -->
]]></content:encoded>
		<excerpt:encoded><![CDATA[]]></excerpt:encoded>
		<wp:post_id>3</wp:post_id>
		<wp:post_date><![CDATA[2025-12-02 19:08:23]]></wp:post_date>
		<wp:post_date_gmt><![CDATA[2025-12-02 19:08:23]]></wp:post_date_gmt>
		<wp:post_modified><![CDATA[2025-12-02 19:08:23]]></wp:post_modified>
		<wp:post_modified_gmt><![CDATA[2025-12-02 19:08:23]]></wp:post_modified_gmt>
		<wp:comment_status><![CDATA[closed]]></wp:comment_status>
		<wp:ping_status><![CDATA[open]]></wp:ping_status>
		<wp:post_name><![CDATA[privacy-policy]]></wp:post_name>
		<wp:status><![CDATA[draft]]></wp:status>
		<wp:post_parent>0</wp:post_parent>
		<wp:menu_order>0</wp:menu_order>
		<wp:post_type><![CDATA[page]]></wp:post_type>
		<wp:post_password><![CDATA[]]></wp:post_password>
		<wp:is_sticky>0</wp:is_sticky>
														<wp:postmeta>
		<wp:meta_key><![CDATA[_wp_page_template]]></wp:meta_key>
		<wp:meta_value><![CDATA[default]]></wp:meta_value>
		</wp:postmeta>
							</item>
					<item>
		<title><![CDATA[Hello from WordPress Playground!]]></title>
		<link>https://playground.wordpress.net/scope:energetic-old-ocean/hello-from-playground/</link>
		<pubDate>Mon, 15 Dec 2025 16:34:30 +0000</pubDate>
		<dc:creator><![CDATA[]]></dc:creator>
		<guid isPermaLink="false">https://playground.wordpress.net/scope:energetic-old-ocean/hello-from-playground/</guid>
		<description></description>
		<content:encoded><![CDATA[<!-- wp:cover {"url":"https://raw.githubusercontent.com/wordpress/blueprints/refs/heads/trunk/blueprints/welcome/assets/imgs/cover-image-playground.webp","id":77,"dimRatio":0,"isUserOverlayColor":true,"minHeight":850,"minHeightUnit":"px","isDark":false,"sizeSlug":"full","align":"full","layout":{"type":"constrained","contentSize":"1120px"}} -->
<div class="wp-block-cover alignfull is-light" style="min-height:850px"><img class="wp-block-cover__image-background wp-image-77 size-full" alt="" src="https://raw.githubusercontent.com/wordpress/blueprints/refs/heads/trunk/blueprints/welcome/assets/imgs/cover-image-playground.webp" data-object-fit="cover"/><span aria-hidden="true" class="wp-block-cover__background has-background-dim-0 has-background-dim"></span><div class="wp-block-cover__inner-container"><!-- wp:columns {"align":"wide"} -->
<div class="wp-block-columns alignwide"><!-- wp:column {"width":"50%"} -->
<div class="wp-block-column" style="flex-basis:50%"><!-- wp:heading {"textAlign":"left","level":1,"fontSize":"xx-large"} -->
<h1 class="wp-block-heading has-text-align-left has-xx-large-font-size">Hello from <mark style="background-color:rgba(0, 0, 0, 0);color:#3858e9" class="has-inline-color">WordPress Playground!</mark></h1>
<!-- /wp:heading -->

<!-- wp:group {"layout":{"type":"constrained"}} -->
<div class="wp-block-group"><!-- wp:paragraph {"align":"left","style":{"layout":{"selfStretch":"fixed","flexSize":"70%"}},"fontSize":"large"} -->
<p class="has-text-align-left has-large-font-size">This is Playground, a WordPress that runs client-side in your browser. It's perfect for training, demonstrating plugins and themes, and for testing purposes. </p>
<!-- /wp:paragraph -->

<!-- wp:paragraph {"align":"left","style":{"layout":{"selfStretch":"fixed","flexSize":"70%"}},"fontSize":"large"} -->
<p class="has-text-align-left has-large-font-size"><mark style="background-color:#f6e38f" class="has-inline-color">Note that you are logged-in as admin!</mark><br>Thus, you can modify this site as you like: edit content, install plugins and play around.</p>
<!-- /wp:paragraph -->

<!-- wp:paragraph {"align":"left","style":{"layout":{"selfStretch":"fixed","flexSize":"70%"}},"fontSize":"large"} -->
<p class="has-text-align-left has-large-font-size">To start over, simply reload the page!</p>
<!-- /wp:paragraph --></div>
<!-- /wp:group -->

<!-- wp:buttons {"layout":{"type":"flex","justifyContent":"left"}} -->
<div class="wp-block-buttons"><!-- wp:button {"style":{"border":{"radius":"0px"},"color":{"background":"#3858e9"},"typography":{"textTransform":"uppercase"}}} -->
<div class="wp-block-button"><a class="wp-block-button__link has-background wp-element-button" href="https://wordpress.github.io/wordpress-playground/" style="border-radius:0px;background-color:#3858e9;text-transform:uppercase" target="_blank" rel="noopener noreferrer">Discover the mission behind Playground</a></div>
<!-- /wp:button --></div>
<!-- /wp:buttons --></div>
<!-- /wp:column -->

<!-- wp:column {"width":"50%"} -->
<div class="wp-block-column" style="flex-basis:50%"></div>
<!-- /wp:column --></div>
<!-- /wp:columns --></div></div>
<!-- /wp:cover -->

<!-- wp:group {"metadata":{"categories":["about"],"name":"About","patternName":"assembler/about-1","patternCategory":"about","remotePatternId":13552},"align":"full","style":{"spacing":{"margin":{"top":"0","bottom":"var:preset|spacing|60"},"padding":{"top":"var:preset|spacing|60","bottom":"var:preset|spacing|60","left":"var:preset|spacing|40","right":"var:preset|spacing|40"},"blockGap":"var:preset|spacing|60"},"elements":{"link":{"color":{"text":"var:preset|color|base"}}}},"backgroundColor":"contrast","textColor":"base","layout":{"type":"constrained","justifyContent":"center","contentSize":"1120px"}} -->
<div class="wp-block-group alignfull has-base-color has-contrast-background-color has-text-color has-background has-link-color" id="about-section" style="margin-top:0;margin-bottom:var(--wp--preset--spacing--60);padding-top:var(--wp--preset--spacing--60);padding-right:var(--wp--preset--spacing--40);padding-bottom:var(--wp--preset--spacing--60);padding-left:var(--wp--preset--spacing--40)"><!-- wp:columns -->
<div class="wp-block-columns"><!-- wp:column {"width":"50%"} -->
<div class="wp-block-column" style="flex-basis:50%"><!-- wp:html -->
<iframe width="560" height="315" src="https://www.youtube.com/embed/HWPSYWGY0YA?si=EFEzzWw3YI8vNSbd" title="YouTube video player" frameborder="0" allow="accelerometer; autoplay; clipboard-write; encrypted-media; gyroscope; picture-in-picture; web-share" referrerpolicy="strict-origin-when-cross-origin" allowfullscreen style="aspect-ratio: 16 / 9; max-height: 100%; max-width: 100%;"></iframe>
<!-- /wp:html --></div>
<!-- /wp:column -->

<!-- wp:column {"width":"50%"} -->
<div class="wp-block-column" style="flex-basis:50%"><!-- wp:group {"layout":{"type":"constrained"}} -->
<div class="wp-block-group"><!-- wp:heading -->
<h2 class="wp-block-heading">What is WordPress Playground?</h2>
<!-- /wp:heading -->

<!-- wp:paragraph -->
<p>WordPress Playground allows users to experiment and build websites directly within a browser, eliminating the need for local setup. </p>
<!-- /wp:paragraph -->

<!-- wp:paragraph -->
<p>By leveraging WebAssembly (WASM), it offers a seamless and secure environment that replicates a traditional hosting experience and streamlining workflows.</p>
<!-- /wp:paragraph --></div>
<!-- /wp:group --></div>
<!-- /wp:column --></div>
<!-- /wp:columns --></div>
<!-- /wp:group -->

<!-- wp:group {"metadata":{"name":"Blueprints Gallery","patternCategory":"general","remotePatternId":"14727-general"},"align":"full","style":{"spacing":{"margin":{"top":"0","bottom":"var:preset|spacing|60"},"padding":{"top":"var:preset|spacing|20","bottom":"var:preset|spacing|20","left":"var:preset|spacing|20","right":"var:preset|spacing|20"},"blockGap":"var:preset|spacing|40"}},"layout":{"type":"constrained","justifyContent":"center","contentSize":"1120px"}} -->
<div class="wp-block-group alignfull" id="blueprints-gallery" style="margin-top:0;margin-bottom:var(--wp--preset--spacing--60);padding-top:var(--wp--preset--spacing--20);padding-right:var(--wp--preset--spacing--20);padding-bottom:var(--wp--preset--spacing--20);padding-left:var(--wp--preset--spacing--20)"><!-- wp:group {"align":"wide","style":{"spacing":{"padding":{"right":"24px"}}},"layout":{"type":"default"}} -->
<div class="wp-block-group alignwide" style="padding-right:24px"><!-- wp:heading {"align":"wide"} -->
<h2 class="wp-block-heading alignwide">Explore Blueprints Gallery</h2>
<!-- /wp:heading -->

<!-- wp:paragraph {"align":"left","style":{"layout":{"selfStretch":"fixed","flexSize":"70%"}}} -->
<p class="has-text-align-left">With Blueprints you can run a WordPress instance with a pre-defined content. The following examples displays what you can achieve with WordPress Playground + Blueprints.</p>
<!-- /wp:paragraph --></div>
<!-- /wp:group -->

<!-- wp:columns {"verticalAlignment":"center","align":"wide","style":{"spacing":{"blockGap":{"top":"var:preset|spacing|60","left":"32px"}}}} -->
<div class="wp-block-columns alignwide are-vertically-aligned-center"><!-- wp:column {"verticalAlignment":"center","width":"33.33%"} -->
<div class="wp-block-column is-vertically-aligned-center" style="flex-basis:33.33%"><!-- wp:image {"lightbox":{"enabled":false},"sizeSlug":"large","linkDestination":"custom"} -->
<figure class="wp-block-image size-large"><a href="https://playground.wordpress.net/?blueprint-url=https://raw.githubusercontent.com/WordPress/blueprints/refs/heads/trunk/blueprints/stylish-press/blueprint.json" target="_blank" rel="noopener noreferrer"><img src="https://raw.githubusercontent.com/WordPress/blueprints/refs/heads/trunk/blueprints/welcome/assets/imgs/thumbnail-playground-1.webp" alt="handyman tools and equipment arranged neatly on a workbench, with a professional and approachable look"/></a><figcaption class="wp-element-caption"><a href="https://playground.wordpress.net/?blueprint-url=https://raw.githubusercontent.com/WordPress/blueprints/refs/heads/trunk/blueprints/stylish-press/blueprint.json" target="_blank" rel="noopener noreferrer">StylishPress</a></figcaption></figure>
<!-- /wp:image --></div>
<!-- /wp:column -->

<!-- wp:column {"verticalAlignment":"center","width":"33.33%"} -->
<div class="wp-block-column is-vertically-aligned-center" style="flex-basis:33.33%"><!-- wp:image {"lightbox":{"enabled":false},"sizeSlug":"large","linkDestination":"custom"} -->
<figure class="wp-block-image size-large"><a href="https://playground.wordpress.net/?blueprint-url=https://raw.githubusercontent.com/WordPress/blueprints/refs/heads/trunk/blueprints/woo-shipping/blueprint.json" target="_blank" rel="noopener noreferrer"><img src="https://raw.githubusercontent.com/WordPress/blueprints/refs/heads/trunk/blueprints/welcome/assets/imgs/thumbnail-playground-2.webp" alt="ecommerce store concept, showcasing online shopping with cart, products, and digital elements"/></a><figcaption class="wp-element-caption"><a href="https://playground.wordpress.net/?blueprint-url=https://raw.githubusercontent.com/WordPress/blueprints/refs/heads/trunk/blueprints/woo-shipping/blueprint.json" target="_blank" rel="noopener noreferrer">Woocommerce Store</a></figcaption></figure>
<!-- /wp:image --></div>
<!-- /wp:column -->

<!-- wp:column {"verticalAlignment":"center","width":"33.33%"} -->
<div class="wp-block-column is-vertically-aligned-center" style="flex-basis:33.33%"><!-- wp:image {"lightbox":{"enabled":false},"sizeSlug":"large","linkDestination":"custom"} -->
<figure class="wp-block-image size-large"><a href="https://playground.wordpress.net/?blank" target="_blank" rel="noopener noreferrer"><img src="https://raw.githubusercontent.com/WordPress/blueprints/refs/heads/trunk/blueprints/welcome/assets/imgs/thumbnail-playground-3.webp" alt="a white room with a canvas displaying a drawing of a website wireframe, representing a blank canvas website concept"/></a><figcaption class="wp-element-caption"><a href="https://playground.wordpress.net/?blank" target="_blank" rel="noopener noreferrer">Blank Canvas</a></figcaption></figure>
<!-- /wp:image --></div>
<!-- /wp:column --></div>
<!-- /wp:columns -->

<!-- wp:paragraph {"align":"center","style":{"layout":{"selfStretch":"fixed","flexSize":"70%"}}} -->
<p class="has-text-align-center">The Playground community created a directory of blueprint examples, from making posts with <code>wp-cli</code> to showcasing plugins with media. Check out the link below to learn more.</p>
<!-- /wp:paragraph -->

<!-- wp:buttons {"layout":{"type":"flex","justifyContent":"center"}} -->
<div class="wp-block-buttons"><!-- wp:button {"style":{"border":{"radius":"0px"},"color":{"background":"#3858e9"},"typography":{"textTransform":"uppercase"}}} -->
<div class="wp-block-button"><a class="wp-block-button__link has-background wp-element-button" href="https://blueprintlibrary.wordpress.com/" style="border-radius:0px;background-color:#3858e9;text-transform:uppercase" target="_blank" rel="noopener noreferrer">Blueprints Library</a></div>
<!-- /wp:button --></div>
<!-- /wp:buttons --></div>
<!-- /wp:group -->

<!-- wp:group {"metadata":{"categories":["about"],"name":"Playground Users","patternName":"assembler/about-1","patternCategory":"about","remotePatternId":13552},"align":"full","style":{"spacing":{"margin":{"top":"0","bottom":"var:preset|spacing|60"},"padding":{"top":"var:preset|spacing|60","bottom":"var:preset|spacing|60","left":"var:preset|spacing|40","right":"var:preset|spacing|40"},"blockGap":"var:preset|spacing|60"},"elements":{"link":{"color":{"text":"var:preset|color|base"}}}},"backgroundColor":"contrast","textColor":"base","layout":{"type":"constrained","justifyContent":"center","contentSize":"1120px"}} -->
<div class="wp-block-group alignfull has-base-color has-contrast-background-color has-text-color has-background has-link-color" id="playground-users" style="margin-top:0;margin-bottom:var(--wp--preset--spacing--60);padding-top:var(--wp--preset--spacing--60);padding-right:var(--wp--preset--spacing--40);padding-bottom:var(--wp--preset--spacing--60);padding-left:var(--wp--preset--spacing--40)"><!-- wp:group {"layout":{"type":"constrained"}} -->
<div class="wp-block-group"><!-- wp:heading {"textAlign":"center"} -->
<h2 class="wp-block-heading has-text-align-center">How Can WordPress Playground Be Useful to Me?</h2>
<!-- /wp:heading -->

<!-- wp:paragraph {"align":"center"} -->
<p class="has-text-align-center">You've heard about WordPress Playground, but you’re still not sure how it can benefit you? Let’s find out together!</p>
<!-- /wp:paragraph -->

<!-- wp:details {"showContent":true,"align":"wide","fontSize":"large"} -->
<details class="wp-block-details alignwide has-large-font-size" open><summary>I’m a Theme Author</summary><!-- wp:heading {"level":3} -->
<h3 class="wp-block-heading">Showcase</h3>
<!-- /wp:heading -->

<!-- wp:paragraph {"fontSize":"medium"} -->
<p class="has-medium-font-size">As a theme author, WordPress Playground provides a platform to showcase your themes effortlessly. Visitors can experience your design in a live environment without needing a separate installation, which makes it easier for you to attract potential users.</p>
<!-- /wp:paragraph -->

<!-- wp:heading {"level":3} -->
<h3 class="wp-block-heading">Test</h3>
<!-- /wp:heading -->

<!-- wp:paragraph {"placeholder":"Type / to add a hidden block","fontSize":"medium"} -->
<p class="has-medium-font-size">You can test your theme's responsiveness and compatibility across different devices and WordPress versions. WordPress Playground allows you to make adjustments in real-time and see how your theme looks and behaves with various settings and plugins.</p>
<!-- /wp:paragraph --></details>
<!-- /wp:details -->

<!-- wp:separator {"align":"wide"} -->
<hr class="wp-block-separator alignwide has-alpha-channel-opacity"/>
<!-- /wp:separator -->

<!-- wp:details {"align":"wide","fontSize":"large"} -->
<details class="wp-block-details alignwide has-large-font-size"><summary>I’m a Plugin Author</summary><!-- wp:heading {"level":3} -->
<h3 class="wp-block-heading">Showcase</h3>
<!-- /wp:heading -->

<!-- wp:paragraph {"fontSize":"medium"} -->
<p class="has-medium-font-size">If you're developing or maintaining plugins, WordPress Playground can help you showcase your plugin, allowing you to convince future users to choose your plugin by trying it out without you having to maintain any infrastructure.</p>
<!-- /wp:paragraph -->

<!-- wp:heading {"level":3} -->
<h3 class="wp-block-heading">Test</h3>
<!-- /wp:heading -->

<!-- wp:paragraph {"placeholder":"Type / to add a hidden block","fontSize":"medium"} -->
<p class="has-medium-font-size">You can spin up your plugin in different environments to figure out how it interacts with other plugins, confirm and try your onboarding flow, or use Playwright for end-to-end testing of your plugin.</p>
<!-- /wp:paragraph --></details>
<!-- /wp:details -->

<!-- wp:separator {"align":"wide"} -->
<hr class="wp-block-separator alignwide has-alpha-channel-opacity"/>
<!-- /wp:separator -->

<!-- wp:details {"align":"wide","fontSize":"large"} -->
<details class="wp-block-details alignwide has-large-font-size"><summary>I’m a WordPress Site Owner</summary><!-- wp:heading {"level":3} -->
<h3 class="wp-block-heading">Experiment</h3>
<!-- /wp:heading -->

<!-- wp:paragraph {"fontSize":"medium"} -->
<p class="has-medium-font-size">As a WordPress site owner, WordPress Playground lets you experiment with new features, themes, and plugins in a risk-free environment. You can explore enhancements without fear of breaking your live site, giving you the confidence to try new ideas.</p>
<!-- /wp:paragraph -->

<!-- wp:heading {"level":3} -->
<h3 class="wp-block-heading">Validate</h3>
<!-- /wp:heading -->

<!-- wp:paragraph {"placeholder":"Type / to add a hidden block","fontSize":"medium"} -->
<p class="has-medium-font-size">You can validate changes or updates before applying them to your live site, ensuring that everything works as intended. Whether it’s testing a new plugin or trying out a new theme, WordPress Playground helps you make informed decisions.</p>
<!-- /wp:paragraph --></details>
<!-- /wp:details -->

<!-- wp:separator {"align":"wide"} -->
<hr class="wp-block-separator alignwide has-alpha-channel-opacity"/>
<!-- /wp:separator -->

<!-- wp:details {"align":"wide","fontSize":"large"} -->
<details class="wp-block-details alignwide has-large-font-size"><summary>I’m a WordPress User</summary><!-- wp:heading {"level":3} -->
<h3 class="wp-block-heading">Learn</h3>
<!-- /wp:heading -->

<!-- wp:paragraph {"fontSize":"medium"} -->
<p class="has-medium-font-size">If you're exploring WordPress for the first time or looking to enhance your skills, the WordPress Playground is an excellent learning tool. You can practice working with WordPress like trying the Site Editor and gain hands-on experience, all without any risk to a live site.</p>
<!-- /wp:paragraph -->

<!-- wp:heading {"level":3} -->
<h3 class="wp-block-heading">Build</h3>
<!-- /wp:heading -->

<!-- wp:paragraph {"placeholder":"Type / to add a hidden block","fontSize":"medium"} -->
<p class="has-medium-font-size">Create a personal demo site to experiment with widgets, settings, and layouts. This sandbox environment allows you to get comfortable with WordPress, helping you understand how to make the most of the platform for your own projects. You can then export your site to share it with others.</p>
<!-- /wp:paragraph --></details>
<!-- /wp:details --></div>
<!-- /wp:group --></div>
<!-- /wp:group -->

<!-- wp:group {"metadata":{"name":"Playground CLI","patternCategory":"general","remotePatternId":"14727-general"},"align":"full","style":{"spacing":{"margin":{"top":"0","bottom":"var:preset|spacing|60"},"padding":{"top":"var:preset|spacing|20","bottom":"var:preset|spacing|20","left":"var:preset|spacing|20","right":"var:preset|spacing|20"},"blockGap":"var:preset|spacing|40"}},"layout":{"type":"constrained","justifyContent":"center","contentSize":"1120px"}} -->
<div class="wp-block-group alignfull" id="playground-cli" style="margin-top:0;margin-bottom:var(--wp--preset--spacing--60);padding-top:var(--wp--preset--spacing--20);padding-right:var(--wp--preset--spacing--20);padding-bottom:var(--wp--preset--spacing--20);padding-left:var(--wp--preset--spacing--20)"><!-- wp:group {"align":"wide","style":{"spacing":{"padding":{"right":"var:preset|spacing|60","top":"var:preset|spacing|60","bottom":"var:preset|spacing|60","left":"var:preset|spacing|60"}},"color":{"background":"#f6f6f6"}},"layout":{"type":"default"}} -->
<div class="wp-block-group alignwide has-background" style="background-color:#f6f6f6;padding-top:var(--wp--preset--spacing--60);padding-right:var(--wp--preset--spacing--60);padding-bottom:var(--wp--preset--spacing--60);padding-left:var(--wp--preset--spacing--60)"><!-- wp:heading {"align":"wide"} -->
<h2 class="wp-block-heading alignwide">Run Playground in your terminal</h2>
<!-- /wp:heading -->

<!-- wp:paragraph {"align":"left","style":{"layout":{"selfStretch":"fixed","flexSize":"70%"}}} -->
<p class="has-text-align-left">Beyond the browser, WordPress Playground is also available as a <a href="https://www.npmjs.com/package/@wp-playground/cli" target="_blank" rel="noopener noreferrer">local CLI tool</a> for developers to build their plugins, themes, and run test automations.</p>
<!-- /wp:paragraph -->

<!-- wp:code {"style":{"elements":{"link":{"color":{"text":"var:preset|color|accent-4"}}}},"backgroundColor":"accent-5","textColor":"accent-4"} -->
<pre class="wp-block-code has-accent-4-color has-accent-5-background-color has-text-color has-background has-link-color"><code>$ npx @wp-playground/cli@latest server</code></pre>
<!-- /wp:code -->

<!-- wp:buttons -->
<div class="wp-block-buttons"><!-- wp:button {"style":{"border":{"radius":"0px"},"color":{"background":"#3858e9"},"typography":{"textTransform":"uppercase"}}} -->
<div class="wp-block-button"><a class="wp-block-button__link has-background wp-element-button" href="https://wordpress.github.io/wordpress-playground/developers/local-development/wp-playground-cli" style="border-radius:0px;background-color:#3858e9;text-transform:uppercase" target="_blank" rel="noreferrer noopener">Learn More</a></div>
<!-- /wp:button --></div>
<!-- /wp:buttons --></div>
<!-- /wp:group --></div>
<!-- /wp:group -->

<!-- wp:cover {"url":"https://raw.githubusercontent.com/wordpress/blueprints/refs/heads/trunk/blueprints/welcome/assets/imgs/cover-image-playground-2.webp","id":80,"dimRatio":0,"overlayColor":"base","isUserOverlayColor":true,"isDark":false,"sizeSlug":"full","align":"full","style":{"spacing":{"margin":{"top":"0","bottom":"0"},"padding":{"top":"0","bottom":"0"}}},"layout":{"type":"constrained","contentSize":"1120px"}} -->
<div class="wp-block-cover alignfull is-light" style="margin-top:0;margin-bottom:0;padding-top:0;padding-bottom:0" id="php-playground"><img class="wp-block-cover__image-background wp-image-80 size-full" alt="" src="https://raw.githubusercontent.com/wordpress/blueprints/refs/heads/trunk/blueprints/welcome/assets/imgs/cover-image-playground-2.webp" data-object-fit="cover"/><span aria-hidden="true" class="wp-block-cover__background has-base-background-color has-background-dim-0 has-background-dim"></span><div class="wp-block-cover__inner-container"><!-- wp:columns {"align":"wide"} -->
<div class="wp-block-columns alignwide"><!-- wp:column -->
<div class="wp-block-column"></div>
<!-- /wp:column -->

<!-- wp:column {"width":"40%"} -->
<div class="wp-block-column" style="flex-basis:40%"><!-- wp:heading {"textAlign":"right"} -->
<h2 class="wp-block-heading has-text-align-right">Test Our Brand New<br><em><mark style="background-color:rgba(0, 0, 0, 0);color:#3858e9" class="has-inline-color">PHP Playground</mark></em></h2>
<!-- /wp:heading -->

<!-- wp:paragraph {"align":"right"} -->
<p class="has-text-align-right">This sandbox lets you write, test, and debug code directly from the client-side, which enables instant, shareable, and safe code prototyping in a way that wasn't previously possible.</p>
<!-- /wp:paragraph -->

<!-- wp:buttons {"layout":{"type":"flex","justifyContent":"right"}} -->
<div class="wp-block-buttons"><!-- wp:button {"style":{"border":{"radius":"0px"},"color":{"background":"#3858e9"},"typography":{"textTransform":"uppercase"}}} -->
<div class="wp-block-button"><a class="wp-block-button__link has-background wp-element-button" href="https://playground.wordpress.net/php-playground.html" style="border-radius:0px;background-color:#3858e9;text-transform:uppercase" target="_blank" rel="noopener noreferrer">Go to PHP playground</a></div>
<!-- /wp:button --></div>
<!-- /wp:buttons --></div>
<!-- /wp:column --></div>
<!-- /wp:columns --></div></div>
<!-- /wp:cover -->

<!-- wp:group {"align":"full","className":"learn-more-about-playground","style":{"color":{"background":"#1a1919"},"elements":{"link":{"color":{"text":"var:preset|color|base"}}},"spacing":{"padding":{"top":"var:preset|spacing|50","bottom":"var:preset|spacing|50"}}},"textColor":"base","layout":{"type":"constrained","contentSize":"1120px"}} -->
<div class="wp-block-group alignfull learn-more-about-playground has-base-color has-text-color has-background has-link-color" id="learn-more-about-playground" style="background-color:#1a1919;padding-top:var(--wp--preset--spacing--50);padding-bottom:var(--wp--preset--spacing--50)"><!-- wp:group {"layout":{"type":"flex","flexWrap":"nowrap","justifyContent":"right"}} -->
<div class="wp-block-group"><!-- wp:image {"id":8,"width":"32px","height":"auto","sizeSlug":"full","linkDestination":"none"} -->
<figure class="wp-block-image size-full is-resized"><img src="https://raw.githubusercontent.com/wordpress/blueprints/refs/heads/trunk/blueprints/welcome/assets/imgs/playground-logo-150x150.png" alt="" class="wp-image-8" style="width:32px;height:auto"/></figure>
<!-- /wp:image -->

<!-- wp:heading {"textAlign":"right","level":3} -->
<h3 class="wp-block-heading has-text-align-right">Learn more about Playground</h3>
<!-- /wp:heading --></div>
<!-- /wp:group -->

<!-- wp:group {"className":"more-playground-links","layout":{"type":"flex","orientation":"vertical","justifyContent":"right"}} -->
<div class="wp-block-group more-playground-links"><!-- wp:paragraph {"align":"right","style":{"typography":{"textDecoration":"none"}}} -->
<p class="has-text-align-right" style="text-decoration:none"><a href="https://wordpress.github.io/wordpress-playground/" target="_blank" rel="noreferrer noopener">Documentation</a></p>
<!-- /wp:paragraph -->

<!-- wp:paragraph {"align":"right","style":{"typography":{"textDecoration":"none"}}} -->
<p class="has-text-align-right" style="text-decoration:none"><a href="https://wordpress.slack.com/archives/C04EWKGDJ0K" target="_blank" rel="noreferrer noopener">Slack Channel</a></p>
<!-- /wp:paragraph -->

<!-- wp:paragraph {"align":"right"} -->
<p class="has-text-align-right"><a href="https://github.com/WordPress/wordpress-playground" target="_blank" rel="noreferrer noopener">GitHub</a></p>
<!-- /wp:paragraph -->

<!-- wp:paragraph {"align":"right"} -->
<p class="has-text-align-right"><a href="https://make.wordpress.org/playground/" target="_blank" rel="noreferrer noopener">Playground Blog</a></p>
<!-- /wp:paragraph -->

<!-- wp:paragraph {"align":"right"} -->
<p class="has-text-align-right"><a href="https://github.com/WordPress/wordpress-playground/issues/new" target="_blank" rel="noreferrer noopener">Did you find a bug?</a></p>
<!-- /wp:paragraph --></div>
<!-- /wp:group --></div>
<!-- /wp:group -->

<!-- wp:html -->
<style>
#wp-block-post-title,
.wp-block-post-title { display: none; }
main.wp-block-group { margin-top: 0px !important; padding-top: 0px !important; }

@font-face {
    font-family: 'EB Garamond';
    src: url('https://raw.githubusercontent.com/WordPress/blueprints/refs/heads/trunk/blueprints/welcome/assets/fonts/ebgaramond-regular.ttf') format('truetype');
    font-weight: normal;
    font-style: normal;
}

@font-face {
    font-family: 'Inter';
    src: url('https://raw.githubusercontent.com/WordPress/blueprints/refs/heads/trunk/blueprints/welcome/assets/fonts/inter-regular.ttf') format('truetype');
    font-weight: normal;
    font-style: normal;
}

.wp-site-blocks > main {
    color: var(--wp--preset--color--accent-4) !important;
    font-style: normal !important;
    font-weight: 300 !important;
    font-size: var(--wp--preset--font-size--medium) !important;
    letter-spacing: 0px !important;
    font-family: "Inter" !important;
    line-height: 1.5 !important;

	.wp-block-button__link {
		border-radius: 2px !important;
		font-family: var(--wp--preset--font-family--manrope) !important;
		text-transform: uppercase !important;
		font-style: normal !important;
		font-weight: 600 !important;
		background-color: #3858e9 !important;
	}

	.wp-element-button {
		background-color: #3858e9 !important;
		text-transform: none !important;
	}

	.wp-element-button:hover {
		background-color: #F6F6F6 !important;
		color: #3858e9 !important;
	}

	h1, h2, h3, h4, h5, h6 {
		font-style: normal !important;
		font-weight: 400 !important;
		font-family: "EB Garamond" !important;
		text-transform: none !important;
		line-height: 1.5 !important;
		letter-spacing: 0px !important;
	}

	#playground-cli .wp-block-heading,
	#blueprints-gallery .wp-block-heading {
		color: #000;
	}
}

.wp-block-button__link:hover {
    background-color: var(--wp--preset--color--contrast) !important;
    color: #3858e9 !important;
}

:where(.wp-site-blocks) > footer.wp-block-template-part {
    margin-block-start: 0 !important;
}

</style>
<!-- /wp:html -->]]></content:encoded>
		<excerpt:encoded><![CDATA[]]></excerpt:encoded>
		<wp:post_id>4</wp:post_id>
		<wp:post_date><![CDATA[2025-12-15 16:34:30]]></wp:post_date>
		<wp:post_date_gmt><![CDATA[2025-12-15 16:34:30]]></wp:post_date_gmt>
		<wp:post_modified><![CDATA[2025-12-15 16:34:30]]></wp:post_modified>
		<wp:post_modified_gmt><![CDATA[2025-12-15 16:34:30]]></wp:post_modified_gmt>
		<wp:comment_status><![CDATA[closed]]></wp:comment_status>
		<wp:ping_status><![CDATA[closed]]></wp:ping_status>
		<wp:post_name><![CDATA[hello-from-playground]]></wp:post_name>
		<wp:status><![CDATA[publish]]></wp:status>
		<wp:post_parent>0</wp:post_parent>
		<wp:menu_order>0</wp:menu_order>
		<wp:post_type><![CDATA[page]]></wp:post_type>
		<wp:post_password><![CDATA[]]></wp:post_password>
		<wp:is_sticky>0</wp:is_sticky>
														</item>
					<item>
		<title><![CDATA[Navigation]]></title>
		<link>https://playground.wordpress.net/scope:energetic-old-ocean/2025/12/15/navigation/</link>
		<pubDate>Mon, 15 Dec 2025 16:34:30 +0000</pubDate>
		<dc:creator><![CDATA[admin]]></dc:creator>
		<guid isPermaLink="false">https://playground.wordpress.net/scope:energetic-old-ocean/2025/12/15/navigation/</guid>
		<description></description>
		<content:encoded><![CDATA[<!-- wp:page-list /-->]]></content:encoded>
		<excerpt:encoded><![CDATA[]]></excerpt:encoded>
		<wp:post_id>5</wp:post_id>
		<wp:post_date><![CDATA[2025-12-15 16:34:30]]></wp:post_date>
		<wp:post_date_gmt><![CDATA[2025-12-15 16:34:30]]></wp:post_date_gmt>
		<wp:post_modified><![CDATA[2025-12-15 16:34:30]]></wp:post_modified>
		<wp:post_modified_gmt><![CDATA[2025-12-15 16:34:30]]></wp:post_modified_gmt>
		<wp:comment_status><![CDATA[closed]]></wp:comment_status>
		<wp:ping_status><![CDATA[closed]]></wp:ping_status>
		<wp:post_name><![CDATA[navigation]]></wp:post_name>
		<wp:status><![CDATA[publish]]></wp:status>
		<wp:post_parent>0</wp:post_parent>
		<wp:menu_order>0</wp:menu_order>
		<wp:post_type><![CDATA[wp_navigation]]></wp:post_type>
		<wp:post_password><![CDATA[]]></wp:post_password>
		<wp:is_sticky>0</wp:is_sticky>
														</item>
					<item>
		<title><![CDATA[Sylwester na stoku.]]></title>
		<link>https://playground.wordpress.net/scope:energetic-old-ocean/events/sylwester-na-stoku/</link>
		<pubDate>Mon, 15 Dec 2025 16:38:48 +0000</pubDate>
		<dc:creator><![CDATA[admin]]></dc:creator>
		<guid isPermaLink="false">https://playground.wordpress.net/scope:energetic-old-ocean/?post_type=event&#038;p=7</guid>
		<description></description>
		<content:encoded><![CDATA[]]></content:encoded>
		<excerpt:encoded><![CDATA[]]></excerpt:encoded>
		<wp:post_id>7</wp:post_id>
		<wp:post_date><![CDATA[2025-12-15 16:38:48]]></wp:post_date>
		<wp:post_date_gmt><![CDATA[2025-12-15 16:38:48]]></wp:post_date_gmt>
		<wp:post_modified><![CDATA[2025-12-15 16:38:48]]></wp:post_modified>
		<wp:post_modified_gmt><![CDATA[2025-12-15 16:38:48]]></wp:post_modified_gmt>
		<wp:comment_status><![CDATA[closed]]></wp:comment_status>
		<wp:ping_status><![CDATA[closed]]></wp:ping_status>
		<wp:post_name><![CDATA[sylwester-na-stoku]]></wp:post_name>
		<wp:status><![CDATA[publish]]></wp:status>
		<wp:post_parent>0</wp:post_parent>
		<wp:menu_order>0</wp:menu_order>
		<wp:post_type><![CDATA[event]]></wp:post_type>
		<wp:post_password><![CDATA[]]></wp:post_password>
		<wp:is_sticky>0</wp:is_sticky>
										<category domain="city" nicename="szczyrk"><![CDATA[Szczyrk]]></category>
						<wp:postmeta>
		<wp:meta_key><![CDATA[_edit_last]]></wp:meta_key>
		<wp:meta_value><![CDATA[1]]></wp:meta_value>
		</wp:postmeta>
							<wp:postmeta>
		<wp:meta_key><![CDATA[event_start_datetime]]></wp:meta_key>
		<wp:meta_value><![CDATA[2025-12-31 18:00:00]]></wp:meta_value>
		</wp:postmeta>
							<wp:postmeta>
		<wp:meta_key><![CDATA[_event_start_datetime]]></wp:meta_key>
		<wp:meta_value><![CDATA[field_event_start_datetime]]></wp:meta_value>
		</wp:postmeta>
							<wp:postmeta>
		<wp:meta_key><![CDATA[event_participant_limit]]></wp:meta_key>
		<wp:meta_value><![CDATA[50]]></wp:meta_value>
		</wp:postmeta>
							<wp:postmeta>
		<wp:meta_key><![CDATA[_event_participant_limit]]></wp:meta_key>
		<wp:meta_value><![CDATA[field_event_participant_limit]]></wp:meta_value>
		</wp:postmeta>
							<wp:postmeta>
		<wp:meta_key><![CDATA[event_description]]></wp:meta_key>
		<wp:meta_value><![CDATA[Zabierz deskę lub narty i dołącz do nas.]]></wp:meta_value>
		</wp:postmeta>
							<wp:postmeta>
		<wp:meta_key><![CDATA[_event_description]]></wp:meta_key>
		<wp:meta_value><![CDATA[field_event_description]]></wp:meta_value>
		</wp:postmeta>
							<wp:postmeta>
		<wp:meta_key><![CDATA[event_registrations]]></wp:meta_key>
		<wp:meta_value><![CDATA[a:1:{i:0;a:3:{s:4:"name";s:15:"snowboard rider";s:5:"email";s:14:"rider@mail.com";s:4:"date";s:19:"2025-12-15 16:46:13";}}]]></wp:meta_value>
		</wp:postmeta>
							</item>
					<item>
		<title><![CDATA[Custom Styles]]></title>
		<link>https://playground.wordpress.net/scope:energetic-old-ocean/2025/12/15/wp-global-styles-twentytwentyfive/</link>
		<pubDate>Mon, 15 Dec 2025 16:37:07 +0000</pubDate>
		<dc:creator><![CDATA[admin]]></dc:creator>
		<guid isPermaLink="false">https://playground.wordpress.net/scope:energetic-old-ocean/2025/12/15/wp-global-styles-twentytwentyfive/</guid>
		<description></description>
		<content:encoded><![CDATA[{"version": 3, "isGlobalStylesUserThemeJSON": true }]]></content:encoded>
		<excerpt:encoded><![CDATA[]]></excerpt:encoded>
		<wp:post_id>8</wp:post_id>
		<wp:post_date><![CDATA[2025-12-15 16:37:07]]></wp:post_date>
		<wp:post_date_gmt><![CDATA[2025-12-15 16:37:07]]></wp:post_date_gmt>
		<wp:post_modified><![CDATA[2025-12-15 16:37:07]]></wp:post_modified>
		<wp:post_modified_gmt><![CDATA[2025-12-15 16:37:07]]></wp:post_modified_gmt>
		<wp:comment_status><![CDATA[closed]]></wp:comment_status>
		<wp:ping_status><![CDATA[closed]]></wp:ping_status>
		<wp:post_name><![CDATA[wp-global-styles-twentytwentyfive]]></wp:post_name>
		<wp:status><![CDATA[publish]]></wp:status>
		<wp:post_parent>0</wp:post_parent>
		<wp:menu_order>0</wp:menu_order>
		<wp:post_type><![CDATA[wp_global_styles]]></wp:post_type>
		<wp:post_password><![CDATA[]]></wp:post_password>
		<wp:is_sticky>0</wp:is_sticky>
										<category domain="wp_theme" nicename="twentytwentyfive"><![CDATA[twentytwentyfive]]></category>
						</item>
					<item>
		<title><![CDATA[Mistrzostwa Świata 2026]]></title>
		<link>https://playground.wordpress.net/scope:energetic-old-ocean/events/mistrzostwa-swiata-2026/</link>
		<pubDate>Mon, 15 Dec 2025 16:40:55 +0000</pubDate>
		<dc:creator><![CDATA[admin]]></dc:creator>
		<guid isPermaLink="false">https://playground.wordpress.net/scope:energetic-old-ocean/?post_type=event&#038;p=9</guid>
		<description></description>
		<content:encoded><![CDATA[]]></content:encoded>
		<excerpt:encoded><![CDATA[]]></excerpt:encoded>
		<wp:post_id>9</wp:post_id>
		<wp:post_date><![CDATA[2025-12-15 16:40:55]]></wp:post_date>
		<wp:post_date_gmt><![CDATA[2025-12-15 16:40:55]]></wp:post_date_gmt>
		<wp:post_modified><![CDATA[2025-12-15 16:40:56]]></wp:post_modified>
		<wp:post_modified_gmt><![CDATA[2025-12-15 16:40:56]]></wp:post_modified_gmt>
		<wp:comment_status><![CDATA[closed]]></wp:comment_status>
		<wp:ping_status><![CDATA[closed]]></wp:ping_status>
		<wp:post_name><![CDATA[mistrzostwa-swiata-2026]]></wp:post_name>
		<wp:status><![CDATA[publish]]></wp:status>
		<wp:post_parent>0</wp:post_parent>
		<wp:menu_order>0</wp:menu_order>
		<wp:post_type><![CDATA[event]]></wp:post_type>
		<wp:post_password><![CDATA[]]></wp:post_password>
		<wp:is_sticky>0</wp:is_sticky>
										<category domain="city" nicename="meksyk"><![CDATA[Meksyk]]></category>
						<wp:postmeta>
		<wp:meta_key><![CDATA[_edit_last]]></wp:meta_key>
		<wp:meta_value><![CDATA[1]]></wp:meta_value>
		</wp:postmeta>
							<wp:postmeta>
		<wp:meta_key><![CDATA[event_start_datetime]]></wp:meta_key>
		<wp:meta_value><![CDATA[2026-06-11 21:00:00]]></wp:meta_value>
		</wp:postmeta>
							<wp:postmeta>
		<wp:meta_key><![CDATA[_event_start_datetime]]></wp:meta_key>
		<wp:meta_value><![CDATA[field_event_start_datetime]]></wp:meta_value>
		</wp:postmeta>
							<wp:postmeta>
		<wp:meta_key><![CDATA[event_participant_limit]]></wp:meta_key>
		<wp:meta_value><![CDATA[83000]]></wp:meta_value>
		</wp:postmeta>
							<wp:postmeta>
		<wp:meta_key><![CDATA[_event_participant_limit]]></wp:meta_key>
		<wp:meta_value><![CDATA[field_event_participant_limit]]></wp:meta_value>
		</wp:postmeta>
							<wp:postmeta>
		<wp:meta_key><![CDATA[event_description]]></wp:meta_key>
		<wp:meta_value><![CDATA[Weź udział w meczu otwarcia piłkarskich Mistrzostw Świata 2026.]]></wp:meta_value>
		</wp:postmeta>
							<wp:postmeta>
		<wp:meta_key><![CDATA[_event_description]]></wp:meta_key>
		<wp:meta_value><![CDATA[field_event_description]]></wp:meta_value>
		</wp:postmeta>
							</item>
					<item>
		<title><![CDATA[Świąteczny turniej darta.]]></title>
		<link>https://playground.wordpress.net/scope:energetic-old-ocean/events/swiateczny-turniej-darta/</link>
		<pubDate>Mon, 15 Dec 2025 16:42:11 +0000</pubDate>
		<dc:creator><![CDATA[admin]]></dc:creator>
		<guid isPermaLink="false">https://playground.wordpress.net/scope:energetic-old-ocean/?post_type=event&#038;p=10</guid>
		<description></description>
		<content:encoded><![CDATA[]]></content:encoded>
		<excerpt:encoded><![CDATA[]]></excerpt:encoded>
		<wp:post_id>10</wp:post_id>
		<wp:post_date><![CDATA[2025-12-15 16:42:11]]></wp:post_date>
		<wp:post_date_gmt><![CDATA[2025-12-15 16:42:11]]></wp:post_date_gmt>
		<wp:post_modified><![CDATA[2025-12-15 16:42:11]]></wp:post_modified>
		<wp:post_modified_gmt><![CDATA[2025-12-15 16:42:11]]></wp:post_modified_gmt>
		<wp:comment_status><![CDATA[closed]]></wp:comment_status>
		<wp:ping_status><![CDATA[closed]]></wp:ping_status>
		<wp:post_name><![CDATA[swiateczny-turniej-darta]]></wp:post_name>
		<wp:status><![CDATA[publish]]></wp:status>
		<wp:post_parent>0</wp:post_parent>
		<wp:menu_order>0</wp:menu_order>
		<wp:post_type><![CDATA[event]]></wp:post_type>
		<wp:post_password><![CDATA[]]></wp:post_password>
		<wp:is_sticky>0</wp:is_sticky>
										<category domain="city" nicename="katowice"><![CDATA[Katowice]]></category>
						<wp:postmeta>
		<wp:meta_key><![CDATA[_edit_last]]></wp:meta_key>
		<wp:meta_value><![CDATA[1]]></wp:meta_value>
		</wp:postmeta>
							<wp:postmeta>
		<wp:meta_key><![CDATA[event_start_datetime]]></wp:meta_key>
		<wp:meta_value><![CDATA[2025-12-20 18:00:00]]></wp:meta_value>
		</wp:postmeta>
							<wp:postmeta>
		<wp:meta_key><![CDATA[_event_start_datetime]]></wp:meta_key>
		<wp:meta_value><![CDATA[field_event_start_datetime]]></wp:meta_value>
		</wp:postmeta>
							<wp:postmeta>
		<wp:meta_key><![CDATA[event_participant_limit]]></wp:meta_key>
		<wp:meta_value><![CDATA[10]]></wp:meta_value>
		</wp:postmeta>
							<wp:postmeta>
		<wp:meta_key><![CDATA[_event_participant_limit]]></wp:meta_key>
		<wp:meta_value><![CDATA[field_event_participant_limit]]></wp:meta_value>
		</wp:postmeta>
							<wp:postmeta>
		<wp:meta_key><![CDATA[event_description]]></wp:meta_key>
		<wp:meta_value><![CDATA[Weź udział w świątecznym turnieju darta w Pubie Sportowym.]]></wp:meta_value>
		</wp:postmeta>
							<wp:postmeta>
		<wp:meta_key><![CDATA[_event_description]]></wp:meta_key>
		<wp:meta_value><![CDATA[field_event_description]]></wp:meta_value>
		</wp:postmeta>
							<wp:postmeta>
		<wp:meta_key><![CDATA[event_registrations]]></wp:meta_key>
		<wp:meta_value><![CDATA[a:1:{i:0;a:3:{s:4:"name";s:14:"pierwszy gracz";s:5:"email";s:17:"pierwszy@mail.com";s:4:"date";s:19:"2025-12-15 16:44:39";}}]]></wp:meta_value>
		</wp:postmeta>
							</item>
					<item>
		<title><![CDATA[Search events]]></title>
		<link>https://playground.wordpress.net/scope:energetic-old-ocean/search-events/</link>
		<pubDate>Mon, 15 Dec 2025 16:43:14 +0000</pubDate>
		<dc:creator><![CDATA[admin]]></dc:creator>
		<guid isPermaLink="false">https://playground.wordpress.net/scope:energetic-old-ocean/?page_id=11</guid>
		<description></description>
		<content:encoded><![CDATA[[em_event_search]]]></content:encoded>
		<excerpt:encoded><![CDATA[]]></excerpt:encoded>
		<wp:post_id>11</wp:post_id>
		<wp:post_date><![CDATA[2025-12-15 16:43:14]]></wp:post_date>
		<wp:post_date_gmt><![CDATA[2025-12-15 16:43:14]]></wp:post_date_gmt>
		<wp:post_modified><![CDATA[2025-12-15 16:43:14]]></wp:post_modified>
		<wp:post_modified_gmt><![CDATA[2025-12-15 16:43:14]]></wp:post_modified_gmt>
		<wp:comment_status><![CDATA[closed]]></wp:comment_status>
		<wp:ping_status><![CDATA[closed]]></wp:ping_status>
		<wp:post_name><![CDATA[search-events]]></wp:post_name>
		<wp:status><![CDATA[publish]]></wp:status>
		<wp:post_parent>0</wp:post_parent>
		<wp:menu_order>0</wp:menu_order>
		<wp:post_type><![CDATA[page]]></wp:post_type>
		<wp:post_password><![CDATA[]]></wp:post_password>
		<wp:is_sticky>0</wp:is_sticky>
														</item>
				</channel>
</rss>
	
